%time,field.header.seq,field.header.stamp,field.header.frame_id,field.pose.position.x,field.pose.position.y,field.pose.position.z,field.pose.orientation.x,field.pose.orientation.y,field.pose.orientation.z,field.pose.orientation.w
1000000,0,1000000,/dvs_simulator,-29.956932,1.8,10.0,-0.5,0.5,-0.5,0.5
2000000,0,2000000,/dvs_simulator,-29.912857,1.8,10.0,-0.5,0.5,-0.5,0.5
3000000,0,3000000,/dvs_simulator,-29.867672,1.8,10.0,-0.5,0.5,-0.5,0.5
4000000,0,4000000,/dvs_simulator,-29.821278,1.8,10.0,-0.5,0.5,-0.5,0.5
5000000,0,5000000,/dvs_simulator,-29.773567,1.8,10.0,-0.5,0.5,-0.5,0.5
6000000,0,6000000,/dvs_simulator,-29.724434,1.8,10.0,-0.5,0.5,-0.5,0.5
7000000,0,7000000,/dvs_simulator,-29.673782,1.8,10.0,-0.5,0.5,-0.5,0.5
8000000,0,8000000,/dvs_simulator,-29.621504,1.8,10.0,-0.5,0.5,-0.5,0.5
9000000,0,9000000,/dvs_simulator,-29.567492,1.8,10.0,-0.5,0.5,-0.5,0.5
10000000,0,10000000,/dvs_simulator,-29.511648,1.8,10.0,-0.5,0.5,-0.5,0.5
11000000,0,11000000,/dvs_simulator,-29.453876,1.8,10.0,-0.5,0.5,-0.5,0.5
12000000,0,12000000,/dvs_simulator,-29.394054,1.8,10.0,-0.5,0.5,-0.5,0.5
13000000,0,13000000,/dvs_simulator,-29.332094,1.8,10.0,-0.5,0.5,-0.5,0.5
14000000,0,14000000,/dvs_simulator,-29.267887,1.8,10.0,-0.5,0.5,-0.5,0.5
15000000,0,15000000,/dvs_simulator,-29.201328,1.8,10.0,-0.5,0.5,-0.5,0.5
16000000,0,16000000,/dvs_simulator,-29.132324,1.8,10.0,-0.5,0.5,-0.5,0.5
17000000,0,17000000,/dvs_simulator,-29.060751,1.8,10.0,-0.5,0.5,-0.5,0.5
18000000,0,18000000,/dvs_simulator,-28.986525,1.8,10.0,-0.5,0.5,-0.5,0.5
19000000,0,19000000,/dvs_simulator,-28.909534,1.8,10.0,-0.5,0.5,-0.5,0.5
20000000,0,20000000,/dvs_simulator,-28.829681,1.8,10.0,-0.5,0.5,-0.5,0.5
21000000,0,21000000,/dvs_simulator,-28.746857,1.8,10.0,-0.5,0.5,-0.5,0.5
22000000,0,22000000,/dvs_simulator,-28.680002,1.8,10.0,-0.5,0.5,-0.5,0.5
23000000,0,23000000,/dvs_simulator,-28.619999,1.8,10.0,-0.5,0.5,-0.5,0.5
24000000,0,24000000,/dvs_simulator,-28.559998,1.8,10.0,-0.5,0.5,-0.5,0.5
25000000,0,25000000,/dvs_simulator,-28.5,1.8,10.0,-0.5,0.5,-0.5,0.5
26000000,0,26000000,/dvs_simulator,-28.440004,1.8,10.0,-0.5,0.5,-0.5,0.5
27000000,0,27000000,/dvs_simulator,-28.379999,1.8,10.0,-0.5,0.5,-0.5,0.5
28000000,0,28000000,/dvs_simulator,-28.32,1.8,10.0,-0.5,0.5,-0.5,0.5
29000000,0,29000000,/dvs_simulator,-28.260002,1.8,10.0,-0.5,0.5,-0.5,0.5
30000000,0,30000000,/dvs_simulator,-28.200003,1.8,10.0,-0.5,0.5,-0.5,0.5
31000000,0,31000000,/dvs_simulator,-28.140001,1.8,10.0,-0.5,0.5,-0.5,0.5
32000000,0,32000000,/dvs_simulator,-28.080002,1.8,10.0,-0.5,0.5,-0.5,0.5
33000000,0,33000000,/dvs_simulator,-28.02,1.8,10.0,-0.5,0.5,-0.5,0.5
34000000,0,34000000,/dvs_simulator,-27.959999,1.8,10.0,-0.5,0.5,-0.5,0.5
35000000,0,35000000,/dvs_simulator,-27.899998,1.8,10.0,-0.5,0.5,-0.5,0.5
36000000,0,36000000,/dvs_simulator,-27.839996,1.8,10.0,-0.5,0.5,-0.5,0.5
37000000,0,37000000,/dvs_simulator,-27.780001,1.8,10.0,-0.5,0.5,-0.5,0.5
38000000,0,38000000,/dvs_simulator,-27.720001,1.8,10.0,-0.5,0.5,-0.5,0.5
39000000,0,39000000,/dvs_simulator,-27.66,1.8,10.0,-0.5,0.5,-0.5,0.5
40000000,0,40000000,/dvs_simulator,-27.599998,1.8,10.0,-0.5,0.5,-0.5,0.5
41000000,0,41000000,/dvs_simulator,-27.540001,1.8,10.0,-0.5,0.5,-0.5,0.5
42000000,0,42000000,/dvs_simulator,-27.479996,1.8,10.0,-0.5,0.5,-0.5,0.5
43000000,0,43000000,/dvs_simulator,-27.419998,1.8,10.0,-0.5,0.5,-0.5,0.5
44000000,0,44000000,/dvs_simulator,-27.359997,1.8,10.0,-0.5,0.5,-0.5,0.5
45000000,0,45000000,/dvs_simulator,-27.300003,1.8,10.0,-0.5,0.5,-0.5,0.5
46000000,0,46000000,/dvs_simulator,-27.239998,1.8,10.0,-0.5,0.5,-0.5,0.5
47000000,0,47000000,/dvs_simulator,-27.18,1.8,10.0,-0.5,0.5,-0.5,0.5
48000000,0,48000000,/dvs_simulator,-27.119995,1.8,10.0,-0.5,0.5,-0.5,0.5
49000000,0,49000000,/dvs_simulator,-27.059994,1.8,10.0,-0.5,0.5,-0.5,0.5
50000000,0,50000000,/dvs_simulator,-27.0,1.8,10.0,-0.5,0.5,-0.5,0.5
51000000,0,51000000,/dvs_simulator,-26.940002,1.8,10.0,-0.5,0.5,-0.5,0.5
52000000,0,52000000,/dvs_simulator,-26.879997,1.8,10.0,-0.5,0.5,-0.5,0.5
53000000,0,53000000,/dvs_simulator,-26.82,1.8,10.0,-0.5,0.5,-0.5,0.5
54000000,0,54000000,/dvs_simulator,-26.759998,1.8,10.0,-0.5,0.5,-0.5,0.5
55000000,0,55000000,/dvs_simulator,-26.699997,1.8,10.0,-0.5,0.5,-0.5,0.5
56000000,0,56000000,/dvs_simulator,-26.639996,1.8,10.0,-0.5,0.5,-0.5,0.5
57000000,0,57000000,/dvs_simulator,-26.580002,1.8,10.0,-0.5,0.5,-0.5,0.5
58000000,0,58000000,/dvs_simulator,-26.52,1.8,10.0,-0.5,0.5,-0.5,0.5
59000000,0,59000000,/dvs_simulator,-26.460003,1.8,10.0,-0.5,0.5,-0.5,0.5
60000000,0,60000000,/dvs_simulator,-26.399998,1.8,10.0,-0.5,0.5,-0.5,0.5
61000000,0,61000000,/dvs_simulator,-26.339996,1.8,10.0,-0.5,0.5,-0.5,0.5
62000000,0,62000000,/dvs_simulator,-26.279999,1.8,10.0,-0.5,0.5,-0.5,0.5
63000000,0,63000000,/dvs_simulator,-26.220001,1.8,10.0,-0.5,0.5,-0.5,0.5
64000000,0,64000000,/dvs_simulator,-26.16,1.8,10.0,-0.5,0.5,-0.5,0.5
65000000,0,65000000,/dvs_simulator,-26.100002,1.8,10.0,-0.5,0.5,-0.5,0.5
66000000,0,66000000,/dvs_simulator,-26.040001,1.8,10.0,-0.5,0.5,-0.5,0.5
67000000,0,67000000,/dvs_simulator,-25.98,1.8,10.0,-0.5,0.5,-0.5,0.5
68000000,0,68000000,/dvs_simulator,-25.919998,1.8,10.0,-0.5,0.5,-0.5,0.5
69000000,0,69000000,/dvs_simulator,-25.860004,1.8,10.0,-0.5,0.5,-0.5,0.5
70000000,0,70000000,/dvs_simulator,-25.800003,1.8,10.0,-0.5,0.5,-0.5,0.5
71000000,0,71000000,/dvs_simulator,-25.74,1.8,10.0,-0.5,0.5,-0.5,0.5
72000000,0,72000000,/dvs_simulator,-25.68,1.8,10.0,-0.5,0.5,-0.5,0.5
73000000,0,73000000,/dvs_simulator,-25.620005,1.8,10.0,-0.5,0.5,-0.5,0.5
74000000,0,74000000,/dvs_simulator,-25.559998,1.8,10.0,-0.5,0.5,-0.5,0.5
75000000,0,75000000,/dvs_simulator,-25.500002,1.8,10.0,-0.5,0.5,-0.5,0.5
76000000,0,76000000,/dvs_simulator,-25.440002,1.8,10.0,-0.5,0.5,-0.5,0.5
77000000,0,77000000,/dvs_simulator,-25.380001,1.8,10.0,-0.5,0.5,-0.5,0.5
78000000,0,78000000,/dvs_simulator,-25.32,1.8,10.0,-0.5,0.5,-0.5,0.5
79000000,0,79000000,/dvs_simulator,-25.260004,1.8,10.0,-0.5,0.5,-0.5,0.5
80000000,0,80000000,/dvs_simulator,-25.199997,1.8,10.0,-0.5,0.5,-0.5,0.5
81000000,0,81000000,/dvs_simulator,-25.139999,1.8,10.0,-0.5,0.5,-0.5,0.5
82000000,0,82000000,/dvs_simulator,-25.080006,1.8,10.0,-0.5,0.5,-0.5,0.5
83000000,0,83000000,/dvs_simulator,-25.020004,1.8,10.0,-0.5,0.5,-0.5,0.5
84000000,0,84000000,/dvs_simulator,-24.960003,1.8,10.0,-0.5,0.5,-0.5,0.5
85000000,0,85000000,/dvs_simulator,-24.900002,1.8,10.0,-0.5,0.5,-0.5,0.5
86000000,0,86000000,/dvs_simulator,-24.839998,1.8,10.0,-0.5,0.5,-0.5,0.5
87000000,0,87000000,/dvs_simulator,-24.780001,1.8,10.0,-0.5,0.5,-0.5,0.5
88000000,0,88000000,/dvs_simulator,-24.720003,1.8,10.0,-0.5,0.5,-0.5,0.5
89000000,0,89000000,/dvs_simulator,-24.660002,1.8,10.0,-0.5,0.5,-0.5,0.5
90000000,0,90000000,/dvs_simulator,-24.6,1.8,10.0,-0.5,0.5,-0.5,0.5
91000000,0,91000000,/dvs_simulator,-24.540003,1.8,10.0,-0.5,0.5,-0.5,0.5
92000000,0,92000000,/dvs_simulator,-24.480005,1.8,10.0,-0.5,0.5,-0.5,0.5
93000000,0,93000000,/dvs_simulator,-24.42,1.8,10.0,-0.5,0.5,-0.5,0.5
94000000,0,94000000,/dvs_simulator,-24.360001,1.8,10.0,-0.5,0.5,-0.5,0.5
95000000,0,95000000,/dvs_simulator,-24.300003,1.8,10.0,-0.5,0.5,-0.5,0.5
96000000,0,96000000,/dvs_simulator,-24.240002,1.8,10.0,-0.5,0.5,-0.5,0.5
97000000,0,97000000,/dvs_simulator,-24.18,1.8,10.0,-0.5,0.5,-0.5,0.5
98000000,0,98000000,/dvs_simulator,-24.120003,1.8,10.0,-0.5,0.5,-0.5,0.5
99000000,0,99000000,/dvs_simulator,-24.059998,1.8,10.0,-0.5,0.5,-0.5,0.5
100000000,0,100000000,/dvs_simulator,-24.0,1.8,10.0,-0.5,0.5,-0.5,0.5
101000000,0,101000000,/dvs_simulator,-23.940004,1.8,10.0,-0.5,0.5,-0.5,0.5
102000000,0,102000000,/dvs_simulator,-23.880003,1.8,10.0,-0.5,0.5,-0.5,0.5
103000000,0,103000000,/dvs_simulator,-23.82,1.8,10.0,-0.5,0.5,-0.5,0.5
104000000,0,104000000,/dvs_simulator,-23.760002,1.8,10.0,-0.5,0.5,-0.5,0.5
105000000,0,105000000,/dvs_simulator,-23.700001,1.8,10.0,-0.5,0.5,-0.5,0.5
106000000,0,106000000,/dvs_simulator,-23.639999,1.8,10.0,-0.5,0.5,-0.5,0.5
107000000,0,107000000,/dvs_simulator,-23.580002,1.8,10.0,-0.5,0.5,-0.5,0.5
108000000,0,108000000,/dvs_simulator,-23.519997,1.8,10.0,-0.5,0.5,-0.5,0.5
109000000,0,109000000,/dvs_simulator,-23.459995,1.8,10.0,-0.5,0.5,-0.5,0.5
110000000,0,110000000,/dvs_simulator,-23.400002,1.8,10.0,-0.5,0.5,-0.5,0.5
111000000,0,111000000,/dvs_simulator,-23.340004,1.8,10.0,-0.5,0.5,-0.5,0.5
112000000,0,112000000,/dvs_simulator,-23.279999,1.8,10.0,-0.5,0.5,-0.5,0.5
113000000,0,113000000,/dvs_simulator,-23.219997,1.8,10.0,-0.5,0.5,-0.5,0.5
114000000,0,114000000,/dvs_simulator,-23.159996,1.8,10.0,-0.5,0.5,-0.5,0.5
115000000,0,115000000,/dvs_simulator,-23.099998,1.8,10.0,-0.5,0.5,-0.5,0.5
116000000,0,116000000,/dvs_simulator,-23.040001,1.8,10.0,-0.5,0.5,-0.5,0.5
117000000,0,117000000,/dvs_simulator,-22.980003,1.8,10.0,-0.5,0.5,-0.5,0.5
118000000,0,118000000,/dvs_simulator,-22.919998,1.8,10.0,-0.5,0.5,-0.5,0.5
119000000,0,119000000,/dvs_simulator,-22.859997,1.8,10.0,-0.5,0.5,-0.5,0.5
120000000,0,120000000,/dvs_simulator,-22.799999,1.8,10.0,-0.5,0.5,-0.5,0.5
121000000,0,121000000,/dvs_simulator,-22.739998,1.8,10.0,-0.5,0.5,-0.5,0.5
122000000,0,122000000,/dvs_simulator,-22.68,1.8,10.0,-0.5,0.5,-0.5,0.5
123000000,0,123000000,/dvs_simulator,-22.619999,1.8,10.0,-0.5,0.5,-0.5,0.5
124000000,0,124000000,/dvs_simulator,-22.559998,1.8,10.0,-0.5,0.5,-0.5,0.5
125000000,0,125000000,/dvs_simulator,-22.499996,1.8,10.0,-0.5,0.5,-0.5,0.5
126000000,0,126000000,/dvs_simulator,-22.440002,1.8,10.0,-0.5,0.5,-0.5,0.5
127000000,0,127000000,/dvs_simulator,-22.379997,1.8,10.0,-0.5,0.5,-0.5,0.5
128000000,0,128000000,/dvs_simulator,-22.319996,1.8,10.0,-0.5,0.5,-0.5,0.5
129000000,0,129000000,/dvs_simulator,-22.259998,1.8,10.0,-0.5,0.5,-0.5,0.5
130000000,0,130000000,/dvs_simulator,-22.200001,1.8,10.0,-0.5,0.5,-0.5,0.5
131000000,0,131000000,/dvs_simulator,-22.139996,1.8,10.0,-0.5,0.5,-0.5,0.5
132000000,0,132000000,/dvs_simulator,-22.079998,1.8,10.0,-0.5,0.5,-0.5,0.5
133000000,0,133000000,/dvs_simulator,-22.019997,1.8,10.0,-0.5,0.5,-0.5,0.5
134000000,0,134000000,/dvs_simulator,-21.959995,1.8,10.0,-0.5,0.5,-0.5,0.5
135000000,0,135000000,/dvs_simulator,-21.899998,1.8,10.0,-0.5,0.5,-0.5,0.5
136000000,0,136000000,/dvs_simulator,-21.839996,1.8,10.0,-0.5,0.5,-0.5,0.5
137000000,0,137000000,/dvs_simulator,-21.779999,1.8,10.0,-0.5,0.5,-0.5,0.5
138000000,0,138000000,/dvs_simulator,-21.719997,1.8,10.0,-0.5,0.5,-0.5,0.5
139000000,0,139000000,/dvs_simulator,-21.659996,1.8,10.0,-0.5,0.5,-0.5,0.5
140000000,0,140000000,/dvs_simulator,-21.599995,1.8,10.0,-0.5,0.5,-0.5,0.5
141000000,0,141000000,/dvs_simulator,-21.539997,1.8,10.0,-0.5,0.5,-0.5,0.5
142000000,0,142000000,/dvs_simulator,-21.48,1.8,10.0,-0.5,0.5,-0.5,0.5
143000000,0,143000000,/dvs_simulator,-21.420002,1.8,10.0,-0.5,0.5,-0.5,0.5
144000000,0,144000000,/dvs_simulator,-21.359997,1.8,10.0,-0.5,0.5,-0.5,0.5
145000000,0,145000000,/dvs_simulator,-21.299999,1.8,10.0,-0.5,0.5,-0.5,0.5
146000000,0,146000000,/dvs_simulator,-21.239998,1.8,10.0,-0.5,0.5,-0.5,0.5
147000000,0,147000000,/dvs_simulator,-21.179996,1.8,10.0,-0.5,0.5,-0.5,0.5
148000000,0,148000000,/dvs_simulator,-21.119999,1.8,10.0,-0.5,0.5,-0.5,0.5
149000000,0,149000000,/dvs_simulator,-21.060001,1.8,10.0,-0.5,0.5,-0.5,0.5
150000000,0,150000000,/dvs_simulator,-20.999996,1.8,10.0,-0.5,0.5,-0.5,0.5
151000000,0,151000000,/dvs_simulator,-20.939999,1.8,10.0,-0.5,0.5,-0.5,0.5
152000000,0,152000000,/dvs_simulator,-20.880001,1.8,10.0,-0.5,0.5,-0.5,0.5
153000000,0,153000000,/dvs_simulator,-20.819996,1.8,10.0,-0.5,0.5,-0.5,0.5
154000000,0,154000000,/dvs_simulator,-20.760002,1.8,10.0,-0.5,0.5,-0.5,0.5
155000000,0,155000000,/dvs_simulator,-20.699997,1.8,10.0,-0.5,0.5,-0.5,0.5
156000000,0,156000000,/dvs_simulator,-20.639996,1.8,10.0,-0.5,0.5,-0.5,0.5
157000000,0,157000000,/dvs_simulator,-20.579998,1.8,10.0,-0.5,0.5,-0.5,0.5
158000000,0,158000000,/dvs_simulator,-20.519997,1.8,10.0,-0.5,0.5,-0.5,0.5
159000000,0,159000000,/dvs_simulator,-20.459999,1.8,10.0,-0.5,0.5,-0.5,0.5
160000000,0,160000000,/dvs_simulator,-20.400002,1.8,10.0,-0.5,0.5,-0.5,0.5
161000000,0,161000000,/dvs_simulator,-20.34,1.8,10.0,-0.5,0.5,-0.5,0.5
162000000,0,162000000,/dvs_simulator,-20.279999,1.8,10.0,-0.5,0.5,-0.5,0.5
163000000,0,163000000,/dvs_simulator,-20.219997,1.8,10.0,-0.5,0.5,-0.5,0.5
164000000,0,164000000,/dvs_simulator,-20.160004,1.8,10.0,-0.5,0.5,-0.5,0.5
165000000,0,165000000,/dvs_simulator,-20.1,1.8,10.0,-0.5,0.5,-0.5,0.5
166000000,0,166000000,/dvs_simulator,-20.040001,1.8,10.0,-0.5,0.5,-0.5,0.5
167000000,0,167000000,/dvs_simulator,-19.979996,1.8,10.0,-0.5,0.5,-0.5,0.5
168000000,0,168000000,/dvs_simulator,-19.919998,1.8,10.0,-0.5,0.5,-0.5,0.5
169000000,0,169000000,/dvs_simulator,-19.860001,1.8,10.0,-0.5,0.5,-0.5,0.5
170000000,0,170000000,/dvs_simulator,-19.800003,1.8,10.0,-0.5,0.5,-0.5,0.5
171000000,0,171000000,/dvs_simulator,-19.739998,1.8,10.0,-0.5,0.5,-0.5,0.5
172000000,0,172000000,/dvs_simulator,-19.68,1.8,10.0,-0.5,0.5,-0.5,0.5
173000000,0,173000000,/dvs_simulator,-19.619999,1.8,10.0,-0.5,0.5,-0.5,0.5
174000000,0,174000000,/dvs_simulator,-19.560001,1.8,10.0,-0.5,0.5,-0.5,0.5
175000000,0,175000000,/dvs_simulator,-19.5,1.8,10.0,-0.5,0.5,-0.5,0.5
176000000,0,176000000,/dvs_simulator,-19.439999,1.8,10.0,-0.5,0.5,-0.5,0.5
177000000,0,177000000,/dvs_simulator,-19.380001,1.8,10.0,-0.5,0.5,-0.5,0.5
178000000,0,178000000,/dvs_simulator,-19.319996,1.8,10.0,-0.5,0.5,-0.5,0.5
179000000,0,179000000,/dvs_simulator,-19.259998,1.8,10.0,-0.5,0.5,-0.5,0.5
180000000,0,180000000,/dvs_simulator,-19.199997,1.8,10.0,-0.5,0.5,-0.5,0.5
181000000,0,181000000,/dvs_simulator,-19.139996,1.8,10.0,-0.5,0.5,-0.5,0.5
182000000,0,182000000,/dvs_simulator,-19.080002,1.8,10.0,-0.5,0.5,-0.5,0.5
183000000,0,183000000,/dvs_simulator,-19.019997,1.8,10.0,-0.5,0.5,-0.5,0.5
184000000,0,184000000,/dvs_simulator,-18.959999,1.8,10.0,-0.5,0.5,-0.5,0.5
185000000,0,185000000,/dvs_simulator,-18.900002,1.8,10.0,-0.5,0.5,-0.5,0.5
186000000,0,186000000,/dvs_simulator,-18.84,1.8,10.0,-0.5,0.5,-0.5,0.5
187000000,0,187000000,/dvs_simulator,-18.779995,1.8,10.0,-0.5,0.5,-0.5,0.5
188000000,0,188000000,/dvs_simulator,-18.720001,1.8,10.0,-0.5,0.5,-0.5,0.5
189000000,0,189000000,/dvs_simulator,-18.66,1.8,10.0,-0.5,0.5,-0.5,0.5
190000000,0,190000000,/dvs_simulator,-18.599995,1.8,10.0,-0.5,0.5,-0.5,0.5
191000000,0,191000000,/dvs_simulator,-18.539997,1.8,10.0,-0.5,0.5,-0.5,0.5
192000000,0,192000000,/dvs_simulator,-18.48,1.8,10.0,-0.5,0.5,-0.5,0.5
193000000,0,193000000,/dvs_simulator,-18.419994,1.8,10.0,-0.5,0.5,-0.5,0.5
194000000,0,194000000,/dvs_simulator,-18.359997,1.8,10.0,-0.5,0.5,-0.5,0.5
195000000,0,195000000,/dvs_simulator,-18.300003,1.8,10.0,-0.5,0.5,-0.5,0.5
196000000,0,196000000,/dvs_simulator,-18.240002,1.8,10.0,-0.5,0.5,-0.5,0.5
197000000,0,197000000,/dvs_simulator,-18.179996,1.8,10.0,-0.5,0.5,-0.5,0.5
198000000,0,198000000,/dvs_simulator,-18.119999,1.8,10.0,-0.5,0.5,-0.5,0.5
199000000,0,199000000,/dvs_simulator,-18.060001,1.8,10.0,-0.5,0.5,-0.5,0.5
200000000,0,200000000,/dvs_simulator,-17.999996,1.8,10.0,-0.5,0.5,-0.5,0.5
201000000,0,201000000,/dvs_simulator,-17.940002,1.8,10.0,-0.5,0.5,-0.5,0.5
202000000,0,202000000,/dvs_simulator,-17.879997,1.8,10.0,-0.5,0.5,-0.5,0.5
203000000,0,203000000,/dvs_simulator,-17.819996,1.8,10.0,-0.5,0.5,-0.5,0.5
204000000,0,204000000,/dvs_simulator,-17.759998,1.8,10.0,-0.5,0.5,-0.5,0.5
205000000,0,205000000,/dvs_simulator,-17.699997,1.8,10.0,-0.5,0.5,-0.5,0.5
206000000,0,206000000,/dvs_simulator,-17.639999,1.8,10.0,-0.5,0.5,-0.5,0.5
207000000,0,207000000,/dvs_simulator,-17.579998,1.8,10.0,-0.5,0.5,-0.5,0.5
208000000,0,208000000,/dvs_simulator,-17.52,1.8,10.0,-0.5,0.5,-0.5,0.5
209000000,0,209000000,/dvs_simulator,-17.459995,1.8,10.0,-0.5,0.5,-0.5,0.5
210000000,0,210000000,/dvs_simulator,-17.400002,1.8,10.0,-0.5,0.5,-0.5,0.5
211000000,0,211000000,/dvs_simulator,-17.339996,1.8,10.0,-0.5,0.5,-0.5,0.5
212000000,0,212000000,/dvs_simulator,-17.279995,1.8,10.0,-0.5,0.5,-0.5,0.5
213000000,0,213000000,/dvs_simulator,-17.220001,1.8,10.0,-0.5,0.5,-0.5,0.5
214000000,0,214000000,/dvs_simulator,-17.16,1.8,10.0,-0.5,0.5,-0.5,0.5
215000000,0,215000000,/dvs_simulator,-17.099995,1.8,10.0,-0.5,0.5,-0.5,0.5
216000000,0,216000000,/dvs_simulator,-17.040001,1.8,10.0,-0.5,0.5,-0.5,0.5
217000000,0,217000000,/dvs_simulator,-16.980003,1.8,10.0,-0.5,0.5,-0.5,0.5
218000000,0,218000000,/dvs_simulator,-16.919998,1.8,10.0,-0.5,0.5,-0.5,0.5
219000000,0,219000000,/dvs_simulator,-16.859997,1.8,10.0,-0.5,0.5,-0.5,0.5
220000000,0,220000000,/dvs_simulator,-16.799999,1.8,10.0,-0.5,0.5,-0.5,0.5
221000000,0,221000000,/dvs_simulator,-16.740002,1.8,10.0,-0.5,0.5,-0.5,0.5
222000000,0,222000000,/dvs_simulator,-16.679996,1.8,10.0,-0.5,0.5,-0.5,0.5
223000000,0,223000000,/dvs_simulator,-16.620003,1.8,10.0,-0.5,0.5,-0.5,0.5
224000000,0,224000000,/dvs_simulator,-16.560001,1.8,10.0,-0.5,0.5,-0.5,0.5
225000000,0,225000000,/dvs_simulator,-16.5,1.8,10.0,-0.5,0.5,-0.5,0.5
226000000,0,226000000,/dvs_simulator,-16.439999,1.8,10.0,-0.5,0.5,-0.5,0.5
227000000,0,227000000,/dvs_simulator,-16.380001,1.8,10.0,-0.5,0.5,-0.5,0.5
228000000,0,228000000,/dvs_simulator,-16.32,1.8,10.0,-0.5,0.5,-0.5,0.5
229000000,0,229000000,/dvs_simulator,-16.260002,1.8,10.0,-0.5,0.5,-0.5,0.5
230000000,0,230000000,/dvs_simulator,-16.200003,1.8,10.0,-0.5,0.5,-0.5,0.5
231000000,0,231000000,/dvs_simulator,-16.139999,1.8,10.0,-0.5,0.5,-0.5,0.5
232000000,0,232000000,/dvs_simulator,-16.080002,1.8,10.0,-0.5,0.5,-0.5,0.5
233000000,0,233000000,/dvs_simulator,-16.02,1.8,10.0,-0.5,0.5,-0.5,0.5
234000000,0,234000000,/dvs_simulator,-15.960003,1.8,10.0,-0.5,0.5,-0.5,0.5
235000000,0,235000000,/dvs_simulator,-15.900003,1.8,10.0,-0.5,0.5,-0.5,0.5
236000000,0,236000000,/dvs_simulator,-15.840006,1.8,10.0,-0.5,0.5,-0.5,0.5
237000000,0,237000000,/dvs_simulator,-15.780003,1.8,10.0,-0.5,0.5,-0.5,0.5
238000000,0,238000000,/dvs_simulator,-15.720003,1.8,10.0,-0.5,0.5,-0.5,0.5
239000000,0,239000000,/dvs_simulator,-15.660004,1.8,10.0,-0.5,0.5,-0.5,0.5
240000000,0,240000000,/dvs_simulator,-15.600002,1.8,10.0,-0.5,0.5,-0.5,0.5
241000000,0,241000000,/dvs_simulator,-15.540003,1.8,10.0,-0.5,0.5,-0.5,0.5
242000000,0,242000000,/dvs_simulator,-15.480003,1.8,10.0,-0.5,0.5,-0.5,0.5
243000000,0,243000000,/dvs_simulator,-15.420002,1.8,10.0,-0.5,0.5,-0.5,0.5
244000000,0,244000000,/dvs_simulator,-15.360001,1.8,10.0,-0.5,0.5,-0.5,0.5
245000000,0,245000000,/dvs_simulator,-15.300003,1.8,10.0,-0.5,0.5,-0.5,0.5
246000000,0,246000000,/dvs_simulator,-15.240002,1.8,10.0,-0.5,0.5,-0.5,0.5
247000000,0,247000000,/dvs_simulator,-15.179996,1.8,10.0,-0.5,0.5,-0.5,0.5
248000000,0,248000000,/dvs_simulator,-15.120003,1.8,10.0,-0.5,0.5,-0.5,0.5
249000000,0,249000000,/dvs_simulator,-15.060001,1.8,10.0,-0.5,0.5,-0.5,0.5
250000000,0,250000000,/dvs_simulator,-15.0,1.8,10.0,-0.5,0.5,-0.5,0.5
251000000,0,251000000,/dvs_simulator,-14.940002,1.8,10.0,-0.5,0.5,-0.5,0.5
252000000,0,252000000,/dvs_simulator,-14.880001,1.8,10.0,-0.5,0.5,-0.5,0.5
253000000,0,253000000,/dvs_simulator,-14.82,1.8,10.0,-0.5,0.5,-0.5,0.5
254000000,0,254000000,/dvs_simulator,-14.759998,1.8,10.0,-0.5,0.5,-0.5,0.5
255000000,0,255000000,/dvs_simulator,-14.700001,1.8,10.0,-0.5,0.5,-0.5,0.5
256000000,0,256000000,/dvs_simulator,-14.639999,1.8,10.0,-0.5,0.5,-0.5,0.5
257000000,0,257000000,/dvs_simulator,-14.579998,1.8,10.0,-0.5,0.5,-0.5,0.5
258000000,0,258000000,/dvs_simulator,-14.519997,1.8,10.0,-0.5,0.5,-0.5,0.5
259000000,0,259000000,/dvs_simulator,-14.459999,1.8,10.0,-0.5,0.5,-0.5,0.5
260000000,0,260000000,/dvs_simulator,-14.399998,1.8,10.0,-0.5,0.5,-0.5,0.5
261000000,0,261000000,/dvs_simulator,-14.34,1.8,10.0,-0.5,0.5,-0.5,0.5
262000000,0,262000000,/dvs_simulator,-14.279999,1.8,10.0,-0.5,0.5,-0.5,0.5
263000000,0,263000000,/dvs_simulator,-14.219997,1.8,10.0,-0.5,0.5,-0.5,0.5
264000000,0,264000000,/dvs_simulator,-14.16,1.8,10.0,-0.5,0.5,-0.5,0.5
265000000,0,265000000,/dvs_simulator,-14.099998,1.8,10.0,-0.5,0.5,-0.5,0.5
266000000,0,266000000,/dvs_simulator,-14.039997,1.8,10.0,-0.5,0.5,-0.5,0.5
267000000,0,267000000,/dvs_simulator,-13.979996,1.8,10.0,-0.5,0.5,-0.5,0.5
268000000,0,268000000,/dvs_simulator,-13.919998,1.8,10.0,-0.5,0.5,-0.5,0.5
269000000,0,269000000,/dvs_simulator,-13.860001,1.8,10.0,-0.5,0.5,-0.5,0.5
270000000,0,270000000,/dvs_simulator,-13.799999,1.8,10.0,-0.5,0.5,-0.5,0.5
271000000,0,271000000,/dvs_simulator,-13.740002,1.8,10.0,-0.5,0.5,-0.5,0.5
272000000,0,272000000,/dvs_simulator,-13.68,1.8,10.0,-0.5,0.5,-0.5,0.5
273000000,0,273000000,/dvs_simulator,-13.619999,1.8,10.0,-0.5,0.5,-0.5,0.5
274000000,0,274000000,/dvs_simulator,-13.560001,1.8,10.0,-0.5,0.5,-0.5,0.5
275000000,0,275000000,/dvs_simulator,-13.499996,1.8,10.0,-0.5,0.5,-0.5,0.5
276000000,0,276000000,/dvs_simulator,-13.439999,1.8,10.0,-0.5,0.5,-0.5,0.5
277000000,0,277000000,/dvs_simulator,-13.379997,1.8,10.0,-0.5,0.5,-0.5,0.5
278000000,0,278000000,/dvs_simulator,-13.319996,1.8,10.0,-0.5,0.5,-0.5,0.5
279000000,0,279000000,/dvs_simulator,-13.260002,1.8,10.0,-0.5,0.5,-0.5,0.5
280000000,0,280000000,/dvs_simulator,-13.199997,1.8,10.0,-0.5,0.5,-0.5,0.5
281000000,0,281000000,/dvs_simulator,-13.139996,1.8,10.0,-0.5,0.5,-0.5,0.5
282000000,0,282000000,/dvs_simulator,-13.079998,1.8,10.0,-0.5,0.5,-0.5,0.5
283000000,0,283000000,/dvs_simulator,-13.019997,1.8,10.0,-0.5,0.5,-0.5,0.5
284000000,0,284000000,/dvs_simulator,-12.959999,1.8,10.0,-0.5,0.5,-0.5,0.5
285000000,0,285000000,/dvs_simulator,-12.899998,1.8,10.0,-0.5,0.5,-0.5,0.5
286000000,0,286000000,/dvs_simulator,-12.84,1.8,10.0,-0.5,0.5,-0.5,0.5
287000000,0,287000000,/dvs_simulator,-12.779995,1.8,10.0,-0.5,0.5,-0.5,0.5
288000000,0,288000000,/dvs_simulator,-12.719997,1.8,10.0,-0.5,0.5,-0.5,0.5
289000000,0,289000000,/dvs_simulator,-12.66,1.8,10.0,-0.5,0.5,-0.5,0.5
290000000,0,290000000,/dvs_simulator,-12.599998,1.8,10.0,-0.5,0.5,-0.5,0.5
291000000,0,291000000,/dvs_simulator,-12.539997,1.8,10.0,-0.5,0.5,-0.5,0.5
292000000,0,292000000,/dvs_simulator,-12.48,1.8,10.0,-0.5,0.5,-0.5,0.5
293000000,0,293000000,/dvs_simulator,-12.419998,1.8,10.0,-0.5,0.5,-0.5,0.5
294000000,0,294000000,/dvs_simulator,-12.359997,1.8,10.0,-0.5,0.5,-0.5,0.5
295000000,0,295000000,/dvs_simulator,-12.299999,1.8,10.0,-0.5,0.5,-0.5,0.5
296000000,0,296000000,/dvs_simulator,-12.239998,1.8,10.0,-0.5,0.5,-0.5,0.5
297000000,0,297000000,/dvs_simulator,-12.18,1.8,10.0,-0.5,0.5,-0.5,0.5
298000000,0,298000000,/dvs_simulator,-12.120003,1.8,10.0,-0.5,0.5,-0.5,0.5
299000000,0,299000000,/dvs_simulator,-12.060001,1.8,10.0,-0.5,0.5,-0.5,0.5
300000000,0,300000000,/dvs_simulator,-11.999996,1.8,10.0,-0.5,0.5,-0.5,0.5
301000000,0,301000000,/dvs_simulator,-11.939999,1.8,10.0,-0.5,0.5,-0.5,0.5
302000000,0,302000000,/dvs_simulator,-11.879997,1.8,10.0,-0.5,0.5,-0.5,0.5
303000000,0,303000000,/dvs_simulator,-11.82,1.8,10.0,-0.5,0.5,-0.5,0.5
304000000,0,304000000,/dvs_simulator,-11.759998,1.8,10.0,-0.5,0.5,-0.5,0.5
305000000,0,305000000,/dvs_simulator,-11.700005,1.8,10.0,-0.5,0.5,-0.5,0.5
306000000,0,306000000,/dvs_simulator,-11.639999,1.8,10.0,-0.5,0.5,-0.5,0.5
307000000,0,307000000,/dvs_simulator,-11.579998,1.8,10.0,-0.5,0.5,-0.5,0.5
308000000,0,308000000,/dvs_simulator,-11.52,1.8,10.0,-0.5,0.5,-0.5,0.5
309000000,0,309000000,/dvs_simulator,-11.459999,1.8,10.0,-0.5,0.5,-0.5,0.5
310000000,0,310000000,/dvs_simulator,-11.399998,1.8,10.0,-0.5,0.5,-0.5,0.5
311000000,0,311000000,/dvs_simulator,-11.34,1.8,10.0,-0.5,0.5,-0.5,0.5
312000000,0,312000000,/dvs_simulator,-11.279999,1.8,10.0,-0.5,0.5,-0.5,0.5
313000000,0,313000000,/dvs_simulator,-11.219997,1.8,10.0,-0.5,0.5,-0.5,0.5
314000000,0,314000000,/dvs_simulator,-11.16,1.8,10.0,-0.5,0.5,-0.5,0.5
315000000,0,315000000,/dvs_simulator,-11.099998,1.8,10.0,-0.5,0.5,-0.5,0.5
316000000,0,316000000,/dvs_simulator,-11.039997,1.8,10.0,-0.5,0.5,-0.5,0.5
317000000,0,317000000,/dvs_simulator,-10.98,1.8,10.0,-0.5,0.5,-0.5,0.5
318000000,0,318000000,/dvs_simulator,-10.919998,1.8,10.0,-0.5,0.5,-0.5,0.5
319000000,0,319000000,/dvs_simulator,-10.860001,1.8,10.0,-0.5,0.5,-0.5,0.5
320000000,0,320000000,/dvs_simulator,-10.800003,1.8,10.0,-0.5,0.5,-0.5,0.5
321000000,0,321000000,/dvs_simulator,-10.739998,1.8,10.0,-0.5,0.5,-0.5,0.5
322000000,0,322000000,/dvs_simulator,-10.68,1.8,10.0,-0.5,0.5,-0.5,0.5
323000000,0,323000000,/dvs_simulator,-10.619999,1.8,10.0,-0.5,0.5,-0.5,0.5
324000000,0,324000000,/dvs_simulator,-10.560001,1.8,10.0,-0.5,0.5,-0.5,0.5
325000000,0,325000000,/dvs_simulator,-10.5,1.8,10.0,-0.5,0.5,-0.5,0.5
326000000,0,326000000,/dvs_simulator,-10.439999,1.8,10.0,-0.5,0.5,-0.5,0.5
327000000,0,327000000,/dvs_simulator,-10.379997,1.8,10.0,-0.5,0.5,-0.5,0.5
328000000,0,328000000,/dvs_simulator,-10.319996,1.8,10.0,-0.5,0.5,-0.5,0.5
329000000,0,329000000,/dvs_simulator,-10.259995,1.8,10.0,-0.5,0.5,-0.5,0.5
330000000,0,330000000,/dvs_simulator,-10.199997,1.8,10.0,-0.5,0.5,-0.5,0.5
331000000,0,331000000,/dvs_simulator,-10.139992,1.8,10.0,-0.5,0.5,-0.5,0.5
332000000,0,332000000,/dvs_simulator,-10.079994,1.8,10.0,-0.5,0.5,-0.5,0.5
333000000,0,333000000,/dvs_simulator,-10.019993,1.8,10.0,-0.5,0.5,-0.5,0.5
334000000,0,334000000,/dvs_simulator,-9.959995,1.8,10.0,-0.5,0.5,-0.5,0.5
335000000,0,335000000,/dvs_simulator,-9.899998,1.8,10.0,-0.5,0.5,-0.5,0.5
336000000,0,336000000,/dvs_simulator,-9.839996,1.8,10.0,-0.5,0.5,-0.5,0.5
337000000,0,337000000,/dvs_simulator,-9.779995,1.8,10.0,-0.5,0.5,-0.5,0.5
338000000,0,338000000,/dvs_simulator,-9.719994,1.8,10.0,-0.5,0.5,-0.5,0.5
339000000,0,339000000,/dvs_simulator,-9.659996,1.8,10.0,-0.5,0.5,-0.5,0.5
340000000,0,340000000,/dvs_simulator,-9.599995,1.8,10.0,-0.5,0.5,-0.5,0.5
341000000,0,341000000,/dvs_simulator,-9.539993,1.8,10.0,-0.5,0.5,-0.5,0.5
342000000,0,342000000,/dvs_simulator,-9.479992,1.8,10.0,-0.5,0.5,-0.5,0.5
343000000,0,343000000,/dvs_simulator,-9.419994,1.8,10.0,-0.5,0.5,-0.5,0.5
344000000,0,344000000,/dvs_simulator,-9.359993,1.8,10.0,-0.5,0.5,-0.5,0.5
345000000,0,345000000,/dvs_simulator,-9.299995,1.8,10.0,-0.5,0.5,-0.5,0.5
346000000,0,346000000,/dvs_simulator,-9.239994,1.8,10.0,-0.5,0.5,-0.5,0.5
347000000,0,347000000,/dvs_simulator,-9.179993,1.8,10.0,-0.5,0.5,-0.5,0.5
348000000,0,348000000,/dvs_simulator,-9.119995,1.8,10.0,-0.5,0.5,-0.5,0.5
349000000,0,349000000,/dvs_simulator,-9.059994,1.8,10.0,-0.5,0.5,-0.5,0.5
350000000,0,350000000,/dvs_simulator,-8.999996,1.8,10.0,-0.5,0.5,-0.5,0.5
351000000,0,351000000,/dvs_simulator,-8.939995,1.8,10.0,-0.5,0.5,-0.5,0.5
352000000,0,352000000,/dvs_simulator,-8.879993,1.8,10.0,-0.5,0.5,-0.5,0.5
353000000,0,353000000,/dvs_simulator,-8.819996,1.8,10.0,-0.5,0.5,-0.5,0.5
354000000,0,354000000,/dvs_simulator,-8.759995,1.8,10.0,-0.5,0.5,-0.5,0.5
355000000,0,355000000,/dvs_simulator,-8.699997,1.8,10.0,-0.5,0.5,-0.5,0.5
356000000,0,356000000,/dvs_simulator,-8.639992,1.8,10.0,-0.5,0.5,-0.5,0.5
357000000,0,357000000,/dvs_simulator,-8.579994,1.8,10.0,-0.5,0.5,-0.5,0.5
358000000,0,358000000,/dvs_simulator,-8.519997,1.8,10.0,-0.5,0.5,-0.5,0.5
359000000,0,359000000,/dvs_simulator,-8.459991,1.8,10.0,-0.5,0.5,-0.5,0.5
360000000,0,360000000,/dvs_simulator,-8.399994,1.8,10.0,-0.5,0.5,-0.5,0.5
361000000,0,361000000,/dvs_simulator,-8.339996,1.8,10.0,-0.5,0.5,-0.5,0.5
362000000,0,362000000,/dvs_simulator,-8.279995,1.8,10.0,-0.5,0.5,-0.5,0.5
363000000,0,363000000,/dvs_simulator,-8.219994,1.8,10.0,-0.5,0.5,-0.5,0.5
364000000,0,364000000,/dvs_simulator,-8.159992,1.8,10.0,-0.5,0.5,-0.5,0.5
365000000,0,365000000,/dvs_simulator,-8.099998,1.8,10.0,-0.5,0.5,-0.5,0.5
366000000,0,366000000,/dvs_simulator,-8.039993,1.8,10.0,-0.5,0.5,-0.5,0.5
367000000,0,367000000,/dvs_simulator,-7.98,1.8,10.0,-0.5,0.5,-0.5,0.5
368000000,0,368000000,/dvs_simulator,-7.919998,1.8,10.0,-0.5,0.5,-0.5,0.5
369000000,0,369000000,/dvs_simulator,-7.859993,1.8,10.0,-0.5,0.5,-0.5,0.5
370000000,0,370000000,/dvs_simulator,-7.799995,1.8,10.0,-0.5,0.5,-0.5,0.5
371000000,0,371000000,/dvs_simulator,-7.739994,1.8,10.0,-0.5,0.5,-0.5,0.5
372000000,0,372000000,/dvs_simulator,-7.679993,1.8,10.0,-0.5,0.5,-0.5,0.5
373000000,0,373000000,/dvs_simulator,-7.619995,1.8,10.0,-0.5,0.5,-0.5,0.5
374000000,0,374000000,/dvs_simulator,-7.559998,1.8,10.0,-0.5,0.5,-0.5,0.5
375000000,0,375000000,/dvs_simulator,-7.499996,1.8,10.0,-0.5,0.5,-0.5,0.5
376000000,0,376000000,/dvs_simulator,-7.439995,1.8,10.0,-0.5,0.5,-0.5,0.5
377000000,0,377000000,/dvs_simulator,-7.379997,1.8,10.0,-0.5,0.5,-0.5,0.5
378000000,0,378000000,/dvs_simulator,-7.32,1.8,10.0,-0.5,0.5,-0.5,0.5
379000000,0,379000000,/dvs_simulator,-7.259998,1.8,10.0,-0.5,0.5,-0.5,0.5
380000000,0,380000000,/dvs_simulator,-7.199997,1.8,10.0,-0.5,0.5,-0.5,0.5
381000000,0,381000000,/dvs_simulator,-7.139996,1.8,10.0,-0.5,0.5,-0.5,0.5
382000000,0,382000000,/dvs_simulator,-7.079998,1.8,10.0,-0.5,0.5,-0.5,0.5
383000000,0,383000000,/dvs_simulator,-7.02,1.8,10.0,-0.5,0.5,-0.5,0.5
384000000,0,384000000,/dvs_simulator,-6.959999,1.8,10.0,-0.5,0.5,-0.5,0.5
385000000,0,385000000,/dvs_simulator,-6.899998,1.8,10.0,-0.5,0.5,-0.5,0.5
386000000,0,386000000,/dvs_simulator,-6.84,1.8,10.0,-0.5,0.5,-0.5,0.5
387000000,0,387000000,/dvs_simulator,-6.779999,1.8,10.0,-0.5,0.5,-0.5,0.5
388000000,0,388000000,/dvs_simulator,-6.719997,1.8,10.0,-0.5,0.5,-0.5,0.5
389000000,0,389000000,/dvs_simulator,-6.659996,1.8,10.0,-0.5,0.5,-0.5,0.5
390000000,0,390000000,/dvs_simulator,-6.599998,1.8,10.0,-0.5,0.5,-0.5,0.5
391000000,0,391000000,/dvs_simulator,-6.540001,1.8,10.0,-0.5,0.5,-0.5,0.5
392000000,0,392000000,/dvs_simulator,-6.479996,1.8,10.0,-0.5,0.5,-0.5,0.5
393000000,0,393000000,/dvs_simulator,-6.419998,1.8,10.0,-0.5,0.5,-0.5,0.5
394000000,0,394000000,/dvs_simulator,-6.360001,1.8,10.0,-0.5,0.5,-0.5,0.5
395000000,0,395000000,/dvs_simulator,-6.299999,1.8,10.0,-0.5,0.5,-0.5,0.5
396000000,0,396000000,/dvs_simulator,-6.239998,1.8,10.0,-0.5,0.5,-0.5,0.5
397000000,0,397000000,/dvs_simulator,-6.179996,1.8,10.0,-0.5,0.5,-0.5,0.5
398000000,0,398000000,/dvs_simulator,-6.119999,1.8,10.0,-0.5,0.5,-0.5,0.5
399000000,0,399000000,/dvs_simulator,-6.060001,1.8,10.0,-0.5,0.5,-0.5,0.5
400000000,0,400000000,/dvs_simulator,-5.999996,1.8,10.0,-0.5,0.5,-0.5,0.5
401000000,0,401000000,/dvs_simulator,-5.940002,1.8,10.0,-0.5,0.5,-0.5,0.5
402000000,0,402000000,/dvs_simulator,-5.879997,1.8,10.0,-0.5,0.5,-0.5,0.5
403000000,0,403000000,/dvs_simulator,-5.82,1.8,10.0,-0.5,0.5,-0.5,0.5
404000000,0,404000000,/dvs_simulator,-5.760002,1.8,10.0,-0.5,0.5,-0.5,0.5
405000000,0,405000000,/dvs_simulator,-5.700005,1.8,10.0,-0.5,0.5,-0.5,0.5
406000000,0,406000000,/dvs_simulator,-5.640003,1.8,10.0,-0.5,0.5,-0.5,0.5
407000000,0,407000000,/dvs_simulator,-5.580002,1.8,10.0,-0.5,0.5,-0.5,0.5
408000000,0,408000000,/dvs_simulator,-5.520004,1.8,10.0,-0.5,0.5,-0.5,0.5
409000000,0,409000000,/dvs_simulator,-5.459999,1.8,10.0,-0.5,0.5,-0.5,0.5
410000000,0,410000000,/dvs_simulator,-5.400002,1.8,10.0,-0.5,0.5,-0.5,0.5
411000000,0,411000000,/dvs_simulator,-5.34,1.8,10.0,-0.5,0.5,-0.5,0.5
412000000,0,412000000,/dvs_simulator,-5.280003,1.8,10.0,-0.5,0.5,-0.5,0.5
413000000,0,413000000,/dvs_simulator,-5.220001,1.8,10.0,-0.5,0.5,-0.5,0.5
414000000,0,414000000,/dvs_simulator,-5.160004,1.8,10.0,-0.5,0.5,-0.5,0.5
415000000,0,415000000,/dvs_simulator,-5.100002,1.8,10.0,-0.5,0.5,-0.5,0.5
416000000,0,416000000,/dvs_simulator,-5.039997,1.8,10.0,-0.5,0.5,-0.5,0.5
417000000,0,417000000,/dvs_simulator,-4.98,1.8,10.0,-0.5,0.5,-0.5,0.5
418000000,0,418000000,/dvs_simulator,-4.919998,1.8,10.0,-0.5,0.5,-0.5,0.5
419000000,0,419000000,/dvs_simulator,-4.860001,1.8,10.0,-0.5,0.5,-0.5,0.5
420000000,0,420000000,/dvs_simulator,-4.799999,1.8,10.0,-0.5,0.5,-0.5,0.5
421000000,0,421000000,/dvs_simulator,-4.740002,1.8,10.0,-0.5,0.5,-0.5,0.5
422000000,0,422000000,/dvs_simulator,-4.68,1.8,10.0,-0.5,0.5,-0.5,0.5
423000000,0,423000000,/dvs_simulator,-4.619999,1.8,10.0,-0.5,0.5,-0.5,0.5
424000000,0,424000000,/dvs_simulator,-4.559998,1.8,10.0,-0.5,0.5,-0.5,0.5
425000000,0,425000000,/dvs_simulator,-4.499996,1.8,10.0,-0.5,0.5,-0.5,0.5
426000000,0,426000000,/dvs_simulator,-4.440002,1.8,10.0,-0.5,0.5,-0.5,0.5
427000000,0,427000000,/dvs_simulator,-4.379997,1.8,10.0,-0.5,0.5,-0.5,0.5
428000000,0,428000000,/dvs_simulator,-4.32,1.8,10.0,-0.5,0.5,-0.5,0.5
429000000,0,429000000,/dvs_simulator,-4.259998,1.8,10.0,-0.5,0.5,-0.5,0.5
430000000,0,430000000,/dvs_simulator,-4.199997,1.8,10.0,-0.5,0.5,-0.5,0.5
431000000,0,431000000,/dvs_simulator,-4.139996,1.8,10.0,-0.5,0.5,-0.5,0.5
432000000,0,432000000,/dvs_simulator,-4.080002,1.8,10.0,-0.5,0.5,-0.5,0.5
433000000,0,433000000,/dvs_simulator,-4.02,1.8,10.0,-0.5,0.5,-0.5,0.5
434000000,0,434000000,/dvs_simulator,-3.960003,1.8,10.0,-0.5,0.5,-0.5,0.5
435000000,0,435000000,/dvs_simulator,-3.899998,1.8,10.0,-0.5,0.5,-0.5,0.5
436000000,0,436000000,/dvs_simulator,-3.84,1.8,10.0,-0.5,0.5,-0.5,0.5
437000000,0,437000000,/dvs_simulator,-3.779999,1.8,10.0,-0.5,0.5,-0.5,0.5
438000000,0,438000000,/dvs_simulator,-3.719994,1.8,10.0,-0.5,0.5,-0.5,0.5
439000000,0,439000000,/dvs_simulator,-3.659996,1.8,10.0,-0.5,0.5,-0.5,0.5
440000000,0,440000000,/dvs_simulator,-3.599998,1.8,10.0,-0.5,0.5,-0.5,0.5
441000000,0,441000000,/dvs_simulator,-3.539997,1.8,10.0,-0.5,0.5,-0.5,0.5
442000000,0,442000000,/dvs_simulator,-3.48,1.8,10.0,-0.5,0.5,-0.5,0.5
443000000,0,443000000,/dvs_simulator,-3.419998,1.8,10.0,-0.5,0.5,-0.5,0.5
444000000,0,444000000,/dvs_simulator,-3.359997,1.8,10.0,-0.5,0.5,-0.5,0.5
445000000,0,445000000,/dvs_simulator,-3.299999,1.8,10.0,-0.5,0.5,-0.5,0.5
446000000,0,446000000,/dvs_simulator,-3.239998,1.8,10.0,-0.5,0.5,-0.5,0.5
447000000,0,447000000,/dvs_simulator,-3.179996,1.8,10.0,-0.5,0.5,-0.5,0.5
448000000,0,448000000,/dvs_simulator,-3.119999,1.8,10.0,-0.5,0.5,-0.5,0.5
449000000,0,449000000,/dvs_simulator,-3.059998,1.8,10.0,-0.5,0.5,-0.5,0.5
450000000,0,450000000,/dvs_simulator,-3.0,1.8,10.0,-0.5,0.5,-0.5,0.5
451000000,0,451000000,/dvs_simulator,-2.939999,1.8,10.0,-0.5,0.5,-0.5,0.5
452000000,0,452000000,/dvs_simulator,-2.879997,1.8,10.0,-0.5,0.5,-0.5,0.5
453000000,0,453000000,/dvs_simulator,-2.82,1.8,10.0,-0.5,0.5,-0.5,0.5
454000000,0,454000000,/dvs_simulator,-2.759998,1.8,10.0,-0.5,0.5,-0.5,0.5
455000000,0,455000000,/dvs_simulator,-2.699997,1.8,10.0,-0.5,0.5,-0.5,0.5
456000000,0,456000000,/dvs_simulator,-2.639996,1.8,10.0,-0.5,0.5,-0.5,0.5
457000000,0,457000000,/dvs_simulator,-2.579998,1.8,10.0,-0.5,0.5,-0.5,0.5
458000000,0,458000000,/dvs_simulator,-2.519997,1.8,10.0,-0.5,0.5,-0.5,0.5
459000000,0,459000000,/dvs_simulator,-2.459995,1.8,10.0,-0.5,0.5,-0.5,0.5
460000000,0,460000000,/dvs_simulator,-2.399998,1.8,10.0,-0.5,0.5,-0.5,0.5
461000000,0,461000000,/dvs_simulator,-2.339996,1.8,10.0,-0.5,0.5,-0.5,0.5
462000000,0,462000000,/dvs_simulator,-2.280003,1.8,10.0,-0.5,0.5,-0.5,0.5
463000000,0,463000000,/dvs_simulator,-2.219997,1.8,10.0,-0.5,0.5,-0.5,0.5
464000000,0,464000000,/dvs_simulator,-2.159996,1.8,10.0,-0.5,0.5,-0.5,0.5
465000000,0,465000000,/dvs_simulator,-2.099998,1.8,10.0,-0.5,0.5,-0.5,0.5
466000000,0,466000000,/dvs_simulator,-2.040001,1.8,10.0,-0.5,0.5,-0.5,0.5
467000000,0,467000000,/dvs_simulator,-1.979996,1.8,10.0,-0.5,0.5,-0.5,0.5
468000000,0,468000000,/dvs_simulator,-1.920002,1.8,10.0,-0.5,0.5,-0.5,0.5
469000000,0,469000000,/dvs_simulator,-1.859997,1.8,10.0,-0.5,0.5,-0.5,0.5
470000000,0,470000000,/dvs_simulator,-1.800001,1.8,10.0,-0.5,0.5,-0.5,0.5
471000000,0,471000000,/dvs_simulator,-1.739998,1.8,10.0,-0.5,0.5,-0.5,0.5
472000000,0,472000000,/dvs_simulator,-1.680002,1.8,10.0,-0.5,0.5,-0.5,0.5
473000000,0,473000000,/dvs_simulator,-1.619999,1.8,10.0,-0.5,0.5,-0.5,0.5
474000000,0,474000000,/dvs_simulator,-1.559998,1.8,10.0,-0.5,0.5,-0.5,0.5
475000000,0,475000000,/dvs_simulator,-1.5,1.8,10.0,-0.5,0.5,-0.5,0.5
476000000,0,476000000,/dvs_simulator,-1.439999,1.8,10.0,-0.5,0.5,-0.5,0.5
477000000,0,477000000,/dvs_simulator,-1.379997,1.8,10.0,-0.5,0.5,-0.5,0.5
478000000,0,478000000,/dvs_simulator,-1.32,1.8,10.0,-0.5,0.5,-0.5,0.5
479000000,0,479000000,/dvs_simulator,-1.259998,1.8,10.0,-0.5,0.5,-0.5,0.5
480000000,0,480000000,/dvs_simulator,-1.199999,1.8,10.0,-0.5,0.5,-0.5,0.5
481000000,0,481000000,/dvs_simulator,-1.139996,1.8,10.0,-0.5,0.5,-0.5,0.5
482000000,0,482000000,/dvs_simulator,-1.08,1.8,10.0,-0.5,0.5,-0.5,0.5
483000000,0,483000000,/dvs_simulator,-1.020004,1.8,10.0,-0.5,0.5,-0.5,0.5
484000000,0,484000000,/dvs_simulator,-0.960001,1.8,10.0,-0.5,0.5,-0.5,0.5
485000000,0,485000000,/dvs_simulator,-0.899998,1.8,10.0,-0.5,0.5,-0.5,0.5
486000000,0,486000000,/dvs_simulator,-0.839998,1.8,10.0,-0.5,0.5,-0.5,0.5
487000000,0,487000000,/dvs_simulator,-0.780003,1.8,10.0,-0.5,0.5,-0.5,0.5
488000000,0,488000000,/dvs_simulator,-0.719997,1.8,10.0,-0.5,0.5,-0.5,0.5
489000000,0,489000000,/dvs_simulator,-0.66,1.8,10.0,-0.5,0.5,-0.5,0.5
490000000,0,490000000,/dvs_simulator,-0.600002,1.8,10.0,-0.5,0.5,-0.5,0.5
491000000,0,491000000,/dvs_simulator,-0.539997,1.8,10.0,-0.5,0.5,-0.5,0.5
492000000,0,492000000,/dvs_simulator,-0.479998,1.8,10.0,-0.5,0.5,-0.5,0.5
493000000,0,493000000,/dvs_simulator,-0.42,1.8,10.0,-0.5,0.5,-0.5,0.5
494000000,0,494000000,/dvs_simulator,-0.359999,1.8,10.0,-0.5,0.5,-0.5,0.5
495000000,0,495000000,/dvs_simulator,-0.300003,1.8,10.0,-0.5,0.5,-0.5,0.5
496000000,0,496000000,/dvs_simulator,-0.239998,1.8,10.0,-0.5,0.5,-0.5,0.5
497000000,0,497000000,/dvs_simulator,-0.180002,1.8,10.0,-0.5,0.5,-0.5,0.5
498000000,0,498000000,/dvs_simulator,-0.119999,1.8,10.0,-0.5,0.5,-0.5,0.5
499000000,0,499000000,/dvs_simulator,-0.060001,1.8,10.0,-0.5,0.5,-0.5,0.5
500000000,0,500000000,/dvs_simulator,0.0,1.8,10.0,-0.5,0.5,-0.5,0.5
501000000,0,501000000,/dvs_simulator,0.059999,1.8,10.0,-0.5,0.5,-0.5,0.5
502000000,0,502000000,/dvs_simulator,0.119999,1.8,10.0,-0.5,0.5,-0.5,0.5
503000000,0,503000000,/dvs_simulator,0.180002,1.8,10.0,-0.5,0.5,-0.5,0.5
504000000,0,504000000,/dvs_simulator,0.239996,1.8,10.0,-0.5,0.5,-0.5,0.5
505000000,0,505000000,/dvs_simulator,0.299997,1.8,10.0,-0.5,0.5,-0.5,0.5
506000000,0,506000000,/dvs_simulator,0.359999,1.8,10.0,-0.5,0.5,-0.5,0.5
507000000,0,507000000,/dvs_simulator,0.42,1.8,10.0,-0.5,0.5,-0.5,0.5
508000000,0,508000000,/dvs_simulator,0.479998,1.8,10.0,-0.5,0.5,-0.5,0.5
509000000,0,509000000,/dvs_simulator,0.539997,1.8,10.0,-0.5,0.5,-0.5,0.5
510000000,0,510000000,/dvs_simulator,0.599995,1.8,10.0,-0.5,0.5,-0.5,0.5
511000000,0,511000000,/dvs_simulator,0.66,1.8,10.0,-0.5,0.5,-0.5,0.5
512000000,0,512000000,/dvs_simulator,0.719995,1.8,10.0,-0.5,0.5,-0.5,0.5
513000000,0,513000000,/dvs_simulator,0.779997,1.8,10.0,-0.5,0.5,-0.5,0.5
514000000,0,514000000,/dvs_simulator,0.839993,1.8,10.0,-0.5,0.5,-0.5,0.5
515000000,0,515000000,/dvs_simulator,0.899996,1.8,10.0,-0.5,0.5,-0.5,0.5
516000000,0,516000000,/dvs_simulator,0.959997,1.8,10.0,-0.5,0.5,-0.5,0.5
517000000,0,517000000,/dvs_simulator,1.019999,1.8,10.0,-0.5,0.5,-0.5,0.5
518000000,0,518000000,/dvs_simulator,1.079996,1.8,10.0,-0.5,0.5,-0.5,0.5
519000000,0,519000000,/dvs_simulator,1.139996,1.8,10.0,-0.5,0.5,-0.5,0.5
520000000,0,520000000,/dvs_simulator,1.199999,1.8,10.0,-0.5,0.5,-0.5,0.5
521000000,0,521000000,/dvs_simulator,1.259998,1.8,10.0,-0.5,0.5,-0.5,0.5
522000000,0,522000000,/dvs_simulator,1.319996,1.8,10.0,-0.5,0.5,-0.5,0.5
523000000,0,523000000,/dvs_simulator,1.379995,1.8,10.0,-0.5,0.5,-0.5,0.5
524000000,0,524000000,/dvs_simulator,1.439995,1.8,10.0,-0.5,0.5,-0.5,0.5
525000000,0,525000000,/dvs_simulator,1.499996,1.8,10.0,-0.5,0.5,-0.5,0.5
526000000,0,526000000,/dvs_simulator,1.559996,1.8,10.0,-0.5,0.5,-0.5,0.5
527000000,0,527000000,/dvs_simulator,1.619997,1.8,10.0,-0.5,0.5,-0.5,0.5
528000000,0,528000000,/dvs_simulator,1.679996,1.8,10.0,-0.5,0.5,-0.5,0.5
529000000,0,529000000,/dvs_simulator,1.74,1.8,10.0,-0.5,0.5,-0.5,0.5
530000000,0,530000000,/dvs_simulator,1.799992,1.8,10.0,-0.5,0.5,-0.5,0.5
531000000,0,531000000,/dvs_simulator,1.859997,1.8,10.0,-0.5,0.5,-0.5,0.5
532000000,0,532000000,/dvs_simulator,1.919996,1.8,10.0,-0.5,0.5,-0.5,0.5
533000000,0,533000000,/dvs_simulator,1.979994,1.8,10.0,-0.5,0.5,-0.5,0.5
534000000,0,534000000,/dvs_simulator,2.039997,1.8,10.0,-0.5,0.5,-0.5,0.5
535000000,0,535000000,/dvs_simulator,2.099997,1.8,10.0,-0.5,0.5,-0.5,0.5
536000000,0,536000000,/dvs_simulator,2.159998,1.8,10.0,-0.5,0.5,-0.5,0.5
537000000,0,537000000,/dvs_simulator,2.219997,1.8,10.0,-0.5,0.5,-0.5,0.5
538000000,0,538000000,/dvs_simulator,2.279995,1.8,10.0,-0.5,0.5,-0.5,0.5
539000000,0,539000000,/dvs_simulator,2.339998,1.8,10.0,-0.5,0.5,-0.5,0.5
540000000,0,540000000,/dvs_simulator,2.400002,1.8,10.0,-0.5,0.5,-0.5,0.5
541000000,0,541000000,/dvs_simulator,2.459995,1.8,10.0,-0.5,0.5,-0.5,0.5
542000000,0,542000000,/dvs_simulator,2.519999,1.8,10.0,-0.5,0.5,-0.5,0.5
543000000,0,543000000,/dvs_simulator,2.579996,1.8,10.0,-0.5,0.5,-0.5,0.5
544000000,0,544000000,/dvs_simulator,2.640001,1.8,10.0,-0.5,0.5,-0.5,0.5
545000000,0,545000000,/dvs_simulator,2.699999,1.8,10.0,-0.5,0.5,-0.5,0.5
546000000,0,546000000,/dvs_simulator,2.760002,1.8,10.0,-0.5,0.5,-0.5,0.5
547000000,0,547000000,/dvs_simulator,2.82,1.8,10.0,-0.5,0.5,-0.5,0.5
548000000,0,548000000,/dvs_simulator,2.879993,1.8,10.0,-0.5,0.5,-0.5,0.5
549000000,0,549000000,/dvs_simulator,2.940002,1.8,10.0,-0.5,0.5,-0.5,0.5
550000000,0,550000000,/dvs_simulator,2.999996,1.8,10.0,-0.5,0.5,-0.5,0.5
551000000,0,551000000,/dvs_simulator,3.059999,1.8,10.0,-0.5,0.5,-0.5,0.5
552000000,0,552000000,/dvs_simulator,3.120001,1.8,10.0,-0.5,0.5,-0.5,0.5
553000000,0,553000000,/dvs_simulator,3.179998,1.8,10.0,-0.5,0.5,-0.5,0.5
554000000,0,554000000,/dvs_simulator,3.24,1.8,10.0,-0.5,0.5,-0.5,0.5
555000000,0,555000000,/dvs_simulator,3.300001,1.8,10.0,-0.5,0.5,-0.5,0.5
556000000,0,556000000,/dvs_simulator,3.360001,1.8,10.0,-0.5,0.5,-0.5,0.5
557000000,0,557000000,/dvs_simulator,3.419994,1.8,10.0,-0.5,0.5,-0.5,0.5
558000000,0,558000000,/dvs_simulator,3.479998,1.8,10.0,-0.5,0.5,-0.5,0.5
559000000,0,559000000,/dvs_simulator,3.540001,1.8,10.0,-0.5,0.5,-0.5,0.5
560000000,0,560000000,/dvs_simulator,3.599998,1.8,10.0,-0.5,0.5,-0.5,0.5
561000000,0,561000000,/dvs_simulator,3.660004,1.8,10.0,-0.5,0.5,-0.5,0.5
562000000,0,562000000,/dvs_simulator,3.720001,1.8,10.0,-0.5,0.5,-0.5,0.5
563000000,0,563000000,/dvs_simulator,3.779999,1.8,10.0,-0.5,0.5,-0.5,0.5
564000000,0,564000000,/dvs_simulator,3.840002,1.8,10.0,-0.5,0.5,-0.5,0.5
565000000,0,565000000,/dvs_simulator,3.900002,1.8,10.0,-0.5,0.5,-0.5,0.5
566000000,0,566000000,/dvs_simulator,3.960001,1.8,10.0,-0.5,0.5,-0.5,0.5
567000000,0,567000000,/dvs_simulator,4.020002,1.8,10.0,-0.5,0.5,-0.5,0.5
568000000,0,568000000,/dvs_simulator,4.080002,1.8,10.0,-0.5,0.5,-0.5,0.5
569000000,0,569000000,/dvs_simulator,4.139999,1.8,10.0,-0.5,0.5,-0.5,0.5
570000000,0,570000000,/dvs_simulator,4.199997,1.8,10.0,-0.5,0.5,-0.5,0.5
571000000,0,571000000,/dvs_simulator,4.260002,1.8,10.0,-0.5,0.5,-0.5,0.5
572000000,0,572000000,/dvs_simulator,4.320002,1.8,10.0,-0.5,0.5,-0.5,0.5
573000000,0,573000000,/dvs_simulator,4.379999,1.8,10.0,-0.5,0.5,-0.5,0.5
574000000,0,574000000,/dvs_simulator,4.439997,1.8,10.0,-0.5,0.5,-0.5,0.5
575000000,0,575000000,/dvs_simulator,4.5,1.8,10.0,-0.5,0.5,-0.5,0.5
576000000,0,576000000,/dvs_simulator,4.559999,1.8,10.0,-0.5,0.5,-0.5,0.5
577000000,0,577000000,/dvs_simulator,4.620001,1.8,10.0,-0.5,0.5,-0.5,0.5
578000000,0,578000000,/dvs_simulator,4.679996,1.8,10.0,-0.5,0.5,-0.5,0.5
579000000,0,579000000,/dvs_simulator,4.739998,1.8,10.0,-0.5,0.5,-0.5,0.5
580000000,0,580000000,/dvs_simulator,4.799997,1.8,10.0,-0.5,0.5,-0.5,0.5
581000000,0,581000000,/dvs_simulator,4.860001,1.8,10.0,-0.5,0.5,-0.5,0.5
582000000,0,582000000,/dvs_simulator,4.92,1.8,10.0,-0.5,0.5,-0.5,0.5
583000000,0,583000000,/dvs_simulator,4.980001,1.8,10.0,-0.5,0.5,-0.5,0.5
584000000,0,584000000,/dvs_simulator,5.039999,1.8,10.0,-0.5,0.5,-0.5,0.5
585000000,0,585000000,/dvs_simulator,5.099998,1.8,10.0,-0.5,0.5,-0.5,0.5
586000000,0,586000000,/dvs_simulator,5.160002,1.8,10.0,-0.5,0.5,-0.5,0.5
587000000,0,587000000,/dvs_simulator,5.220001,1.8,10.0,-0.5,0.5,-0.5,0.5
588000000,0,588000000,/dvs_simulator,5.279999,1.8,10.0,-0.5,0.5,-0.5,0.5
589000000,0,589000000,/dvs_simulator,5.339998,1.8,10.0,-0.5,0.5,-0.5,0.5
590000000,0,590000000,/dvs_simulator,5.4,1.8,10.0,-0.5,0.5,-0.5,0.5
591000000,0,591000000,/dvs_simulator,5.460001,1.8,10.0,-0.5,0.5,-0.5,0.5
592000000,0,592000000,/dvs_simulator,5.52,1.8,10.0,-0.5,0.5,-0.5,0.5
593000000,0,593000000,/dvs_simulator,5.58,1.8,10.0,-0.5,0.5,-0.5,0.5
594000000,0,594000000,/dvs_simulator,5.640001,1.8,10.0,-0.5,0.5,-0.5,0.5
595000000,0,595000000,/dvs_simulator,5.699997,1.8,10.0,-0.5,0.5,-0.5,0.5
596000000,0,596000000,/dvs_simulator,5.759996,1.8,10.0,-0.5,0.5,-0.5,0.5
597000000,0,597000000,/dvs_simulator,5.819996,1.8,10.0,-0.5,0.5,-0.5,0.5
598000000,0,598000000,/dvs_simulator,5.879995,1.8,10.0,-0.5,0.5,-0.5,0.5
599000000,0,599000000,/dvs_simulator,5.940002,1.8,10.0,-0.5,0.5,-0.5,0.5
600000000,0,600000000,/dvs_simulator,6.0,1.8,10.0,-0.5,0.5,-0.5,0.5
